Timestamp,Fan_ID,Vibration,Temperature,Hours_Operated,Failure
2025-01-01 00:00:00,F4,5.46,55.2,430,1
2025-01-01 01:00:00,F5,3.53,42.6,485,0
2025-01-01 02:00:00,F3,4.52,51.3,436,1
2025-01-01 03:00:00,F5,3.03,54.4,474,0
2025-01-01 04:00:00,F5,3.99,50.4,439,1
2025-01-01 05:00:00,F2,3.3,55.3,74,0
2025-01-01 06:00:00,F3,3.65,47.4,190,1
2025-01-01 07:00:00,F3,4.39,57.0,166,1
2025-01-01 08:00:00,F3,2.27,61.5,441,1
2025-01-01 09:00:00,F5,6.64,48.2,454,1
2025-01-01 10:00:00,F4,1.99,47.8,74,0
2025-01-01 11:00:00,F3,1.68,57.3,128,1
2025-01-01 12:00:00,F5,5.24,57.9,117,1
2025-01-01 13:00:00,F2,4.69,47.4,222,1
2025-01-01 14:00:00,F4,4.44,47.9,493,1
2025-01-01 15:00:00,F2,4.44,48.6,61,1
2025-01-01 16:00:00,F4,3.48,43.3,337,0
2025-01-01 17:00:00,F5,2.15,45.4,177,0
2025-01-01 18:00:00,F1,3.61,45.0,145,1
2025-01-01 19:00:00,F4,2.48,46.2,141,0
2025-01-01 20:00:00,F2,4.96,49.8,190,1
2025-01-01 21:00:00,F5,3.28,51.2,80,0
2025-01-01 22:00:00,F4,2.26,57.8,383,0
2025-01-01 23:00:00,F1,3.02,45.0,69,0
2025-01-02 00:00:00,F1,4.12,54.9,195,1
2025-01-02 01:00:00,F3,2.65,48.9,365,0
2025-01-02 02:00:00,F3,2.27,49.8,496,0
2025-01-02 03:00:00,F2,3.87,53.4,439,0
2025-01-02 04:00:00,F4,3.87,44.4,209,0
2025-01-02 05:00:00,F4,2.74,51.9,398,0
2025-01-02 06:00:00,F3,2.79,50.8,92,1
2025-01-02 07:00:00,F4,3.85,52.5,303,1
2025-01-02 08:00:00,F4,1.33,51.4,179,0
2025-01-02 09:00:00,F1,1.39,62.3,109,1
2025-01-02 10:00:00,F3,2.42,46.8,200,0
2025-01-02 11:00:00,F5,3.18,47.3,336,0
2025-01-02 12:00:00,F3,3.97,46.9,54,0
2025-01-02 13:00:00,F5,5.71,47.2,467,1
2025-01-02 14:00:00,F1,4.79,46.8,315,1
2025-01-02 15:00:00,F2,3.26,55.9,394,1
2025-01-02 16:00:00,F4,3.47,57.1,179,1
2025-01-02 17:00:00,F1,2.0,47.1,431,0
2025-01-02 18:00:00,F4,3.47,45.8,316,1
2025-01-02 19:00:00,F2,3.07,52.4,227,0
2025-01-02 20:00:00,F2,3.98,47.2,302,0
2025-01-02 21:00:00,F1,2.26,53.2,464,1
2025-01-02 22:00:00,F2,4.28,51.0,105,1
2025-01-02 23:00:00,F5,5.8,42.4,132,0
2025-01-03 00:00:00,F2,3.34,57.7,442,0
2025-01-03 01:00:00,F4,4.1,59.0,148,1
2025-01-03 02:00:00,F4,4.54,46.9,198,1
2025-01-03 03:00:00,F4,2.9,48.1,378,1
2025-01-03 04:00:00,F4,3.84,51.4,205,0
2025-01-03 05:00:00,F5,3.52,51.7,239,1
2025-01-03 06:00:00,F3,3.65,53.3,420,0
2025-01-03 07:00:00,F1,2.34,60.1,312,0
2025-01-03 08:00:00,F4,3.54,49.1,129,0
2025-01-03 09:00:00,F2,4.25,46.0,449,1
2025-01-03 10:00:00,F4,5.68,43.1,301,0
2025-01-03 11:00:00,F2,4.94,46.3,146,1
2025-01-03 12:00:00,F2,6.73,49.8,309,1
2025-01-03 13:00:00,F4,2.35,59.0,309,1
2025-01-03 14:00:00,F5,4.81,47.4,152,1
2025-01-03 15:00:00,F2,3.78,51.1,89,0
2025-01-03 16:00:00,F2,6.78,49.9,322,1
2025-01-03 17:00:00,F4,2.29,55.9,150,0
2025-01-03 18:00:00,F2,2.24,62.6,408,1
2025-01-03 19:00:00,F2,2.6,47.3,429,0
2025-01-03 20:00:00,F4,0.31,47.6,357,0
2025-01-03 21:00:00,F4,2.71,55.2,270,0
2025-01-03 22:00:00,F1,2.36,53.4,357,1
2025-01-03 23:00:00,F5,3.73,59.2,469,1
2025-01-04 00:00:00,F5,4.01,52.9,173,0
2025-01-04 01:00:00,F2,6.31,48.2,471,1
2025-01-04 02:00:00,F5,4.93,53.0,280,0
2025-01-04 03:00:00,F2,2.63,55.5,227,0
2025-01-04 04:00:00,F1,2.15,54.1,112,0
2025-01-04 05:00:00,F4,4.24,52.5,165,0
2025-01-04 06:00:00,F4,1.52,55.3,240,0
2025-01-04 07:00:00,F4,6.25,55.8,111,1
2025-01-04 08:00:00,F5,5.27,56.9,305,1
2025-01-04 09:00:00,F1,2.8,53.2,56,0
2025-01-04 10:00:00,F5,0.93,49.2,204,0
2025-01-04 11:00:00,F5,5.53,50.7,141,1
2025-01-04 12:00:00,F1,3.33,56.0,63,1
2025-01-04 13:00:00,F1,5.36,45.9,278,1
2025-01-04 14:00:00,F1,1.11,51.8,135,0
2025-01-04 15:00:00,F1,2.6,48.0,182,1
2025-01-04 16:00:00,F4,3.51,50.1,232,1
2025-01-04 17:00:00,F3,3.57,56.4,435,1
2025-01-04 18:00:00,F3,2.82,51.0,111,0
2025-01-04 19:00:00,F1,4.43,50.2,268,0
2025-01-04 20:00:00,F3,1.9,43.2,454,0
2025-01-04 21:00:00,F3,3.29,53.7,295,1
2025-01-04 22:00:00,F1,3.68,53.2,279,0
2025-01-04 23:00:00,F3,4.27,60.8,128,1
2025-01-05 00:00:00,F5,4.57,48.5,198,1
2025-01-05 01:00:00,F2,1.81,51.1,187,0
2025-01-05 02:00:00,F2,1.2,51.2,363,0
2025-01-05 03:00:00,F1,5.42,57.9,425,1
2025-01-05 04:00:00,F4,4.0,49.5,472,1
2025-01-05 05:00:00,F1,2.38,51.4,438,0
2025-01-05 06:00:00,F4,5.83,53.0,114,1
2025-01-05 07:00:00,F2,3.67,50.9,62,1
2025-01-05 08:00:00,F1,5.27,47.8,262,1
2025-01-05 09:00:00,F5,3.6,51.0,291,0
2025-01-05 10:00:00,F3,6.59,55.4,262,1
2025-01-05 11:00:00,F4,6.13,44.9,230,1
2025-01-05 12:00:00,F3,3.13,50.7,387,0
2025-01-05 13:00:00,F3,4.96,46.5,222,0
2025-01-05 14:00:00,F1,4.47,56.0,209,1
2025-01-05 15:00:00,F3,5.55,42.4,213,1
2025-01-05 16:00:00,F5,2.05,47.2,237,0
2025-01-05 17:00:00,F3,4.53,51.9,444,1
2025-01-05 18:00:00,F1,5.09,57.8,240,1
2025-01-05 19:00:00,F5,0.86,49.7,454,0
2025-01-05 20:00:00,F2,1.73,47.2,357,0
2025-01-05 21:00:00,F3,0.44,59.4,305,0
2025-01-05 22:00:00,F1,3.1,42.8,232,0
2025-01-05 23:00:00,F2,4.58,39.0,166,1
2025-01-06 00:00:00,F2,5.75,52.2,331,1
2025-01-06 01:00:00,F4,3.61,47.5,245,0
2025-01-06 02:00:00,F5,5.94,44.9,83,1
2025-01-06 03:00:00,F3,1.43,53.5,101,0
2025-01-06 04:00:00,F1,0.94,51.2,161,0
2025-01-06 05:00:00,F4,3.42,47.2,301,0
2025-01-06 06:00:00,F5,4.08,43.6,131,0
2025-01-06 07:00:00,F4,3.45,54.4,281,1
2025-01-06 08:00:00,F5,0.4,53.3,276,0
2025-01-06 09:00:00,F5,3.37,49.5,282,0
2025-01-06 10:00:00,F3,1.54,59.2,270,0
2025-01-06 11:00:00,F5,4.5,44.6,485,1
2025-01-06 12:00:00,F4,4.05,42.4,462,0
2025-01-06 13:00:00,F5,2.09,46.5,471,0
2025-01-06 14:00:00,F3,2.73,49.8,91,0
2025-01-06 15:00:00,F3,1.91,51.2,70,0
2025-01-06 16:00:00,F4,3.41,48.8,91,0
2025-01-06 17:00:00,F2,4.93,51.8,446,0
2025-01-06 18:00:00,F2,2.02,43.7,162,0
2025-01-06 19:00:00,F5,4.26,57.2,154,1
2025-01-06 20:00:00,F1,2.7,49.6,241,1
2025-01-06 21:00:00,F5,2.31,55.6,66,1
2025-01-06 22:00:00,F4,3.34,51.7,169,1
2025-01-06 23:00:00,F4,1.95,52.3,442,0
2025-01-07 00:00:00,F4,2.67,52.8,474,1
2025-01-07 01:00:00,F4,1.7,52.2,178,0
2025-01-07 02:00:00,F4,6.45,53.2,179,1
2025-01-07 03:00:00,F3,3.55,56.6,109,1
2025-01-07 04:00:00,F2,2.45,51.0,97,0
2025-01-07 05:00:00,F4,3.82,53.5,78,0
2025-01-07 06:00:00,F1,3.33,49.6,146,0
2025-01-07 07:00:00,F1,3.17,57.2,59,1
2025-01-07 08:00:00,F1,4.42,46.6,291,0
2025-01-07 09:00:00,F1,4.64,59.0,363,1
2025-01-07 10:00:00,F3,2.7,49.8,493,0
2025-01-07 11:00:00,F1,2.64,42.8,281,0
2025-01-07 12:00:00,F4,3.09,50.6,326,0
2025-01-07 13:00:00,F5,0.05,46.6,333,0
2025-01-07 14:00:00,F1,1.23,54.2,252,0
2025-01-07 15:00:00,F3,5.55,46.7,296,1
2025-01-07 16:00:00,F3,5.97,47.8,339,1
2025-01-07 17:00:00,F1,3.13,40.6,313,1
2025-01-07 18:00:00,F5,4.36,47.7,492,1
2025-01-07 19:00:00,F1,3.97,37.9,263,0
2025-01-07 20:00:00,F3,8.12,42.1,249,1
2025-01-07 21:00:00,F2,5.18,53.8,482,1
2025-01-07 22:00:00,F4,3.31,53.9,128,1
2025-01-07 23:00:00,F3,2.07,52.1,450,1
2025-01-08 00:00:00,F1,1.09,45.2,493,0
2025-01-08 01:00:00,F4,3.81,49.8,392,1
2025-01-08 02:00:00,F1,2.37,50.0,393,0
2025-01-08 03:00:00,F1,1.37,44.2,222,0
2025-01-08 04:00:00,F2,2.53,57.5,118,1
2025-01-08 05:00:00,F4,1.88,54.4,465,1
2025-01-08 06:00:00,F4,6.03,48.9,477,1
2025-01-08 07:00:00,F2,4.82,50.1,498,1
2025-01-08 08:00:00,F3,3.49,51.0,136,0
2025-01-08 09:00:00,F1,5.72,39.8,150,1
2025-01-08 10:00:00,F5,3.62,48.8,57,1
2025-01-08 11:00:00,F1,2.21,46.6,382,0
2025-01-08 12:00:00,F1,5.78,45.0,249,0
2025-01-08 13:00:00,F3,4.31,48.6,136,0
2025-01-08 14:00:00,F1,1.94,59.0,92,0
2025-01-08 15:00:00,F2,3.21,53.2,434,1
2025-01-08 16:00:00,F2,2.19,47.1,158,0
2025-01-08 17:00:00,F4,1.43,52.9,484,0
2025-01-08 18:00:00,F5,4.89,57.0,457,1
2025-01-08 19:00:00,F1,6.36,54.6,201,1
2025-01-08 20:00:00,F1,1.4,50.3,66,0
2025-01-08 21:00:00,F3,4.34,46.8,182,1
2025-01-08 22:00:00,F2,2.52,53.5,197,0
2025-01-08 23:00:00,F5,2.77,52.0,326,1
2025-01-09 00:00:00,F4,2.61,54.5,281,0
2025-01-09 01:00:00,F2,2.2,53.2,363,0
2025-01-09 02:00:00,F4,3.57,55.2,464,1
2025-01-09 03:00:00,F3,2.25,47.3,415,0
2025-01-09 04:00:00,F3,3.91,56.6,277,1
2025-01-09 05:00:00,F1,3.42,51.0,188,1
2025-01-09 06:00:00,F5,3.14,60.4,485,0
2025-01-09 07:00:00,F4,2.14,46.6,448,0
2025-01-09 08:00:00,F2,2.63,58.7,260,0
2025-01-09 09:00:00,F3,4.63,51.0,440,1
2025-01-09 10:00:00,F1,4.25,46.7,77,1
2025-01-09 11:00:00,F1,2.03,47.6,100,0
2025-01-09 12:00:00,F4,3.65,48.4,491,0
2025-01-09 13:00:00,F3,4.63,52.1,310,1
2025-01-09 14:00:00,F5,1.0,52.6,310,0
2025-01-09 15:00:00,F3,4.32,47.1,399,1
2025-01-09 16:00:00,F4,2.51,49.9,401,0
2025-01-09 17:00:00,F4,4.36,60.7,57,0
2025-01-09 18:00:00,F3,2.36,58.6,369,0
2025-01-09 19:00:00,F4,0.79,52.2,187,0
2025-01-09 20:00:00,F3,1.06,50.2,87,0
2025-01-09 21:00:00,F2,3.57,50.6,160,1
2025-01-09 22:00:00,F3,3.89,53.1,417,0
2025-01-09 23:00:00,F3,2.14,44.9,269,0
2025-01-10 00:00:00,F4,4.46,48.7,386,1
2025-01-10 01:00:00,F4,1.01,41.7,272,0
2025-01-10 02:00:00,F1,3.4,52.0,185,0
2025-01-10 03:00:00,F1,1.68,53.2,305,0
2025-01-10 04:00:00,F2,2.52,47.6,409,0
2025-01-10 05:00:00,F1,3.57,57.9,458,1
2025-01-10 06:00:00,F3,2.21,43.9,378,0
2025-01-10 07:00:00,F4,2.92,42.7,499,0
2025-01-10 08:00:00,F1,5.01,51.1,483,0
2025-01-10 09:00:00,F1,2.63,55.2,98,0
2025-01-10 10:00:00,F2,4.75,58.4,341,1
2025-01-10 11:00:00,F2,1.81,47.7,431,0
2025-01-10 12:00:00,F3,4.29,55.4,373,1
2025-01-10 13:00:00,F4,5.66,49.8,127,0
2025-01-10 14:00:00,F2,-0.21,49.1,154,0
2025-01-10 15:00:00,F1,2.3,54.4,218,0
2025-01-10 16:00:00,F4,4.37,53.3,266,0
2025-01-10 17:00:00,F4,3.2,42.1,427,1
2025-01-10 18:00:00,F1,4.06,57.4,168,0
2025-01-10 19:00:00,F2,2.59,56.9,239,1
2025-01-10 20:00:00,F1,3.63,46.9,304,1
2025-01-10 21:00:00,F4,3.27,52.0,419,1
2025-01-10 22:00:00,F5,5.25,52.5,315,1
2025-01-10 23:00:00,F5,3.88,51.3,198,0
2025-01-11 00:00:00,F3,4.01,47.2,213,0
2025-01-11 01:00:00,F1,2.88,46.6,189,0
2025-01-11 02:00:00,F1,2.77,49.9,396,0
2025-01-11 03:00:00,F3,2.85,55.9,307,0
2025-01-11 04:00:00,F3,4.09,52.7,423,1
2025-01-11 05:00:00,F3,2.87,48.1,318,0
2025-01-11 06:00:00,F4,3.93,53.9,230,1
2025-01-11 07:00:00,F1,6.61,35.8,209,1
2025-01-11 08:00:00,F4,4.81,55.7,400,1
2025-01-11 09:00:00,F3,3.01,41.3,449,0
2025-01-11 10:00:00,F1,5.3,48.2,337,0
2025-01-11 11:00:00,F4,2.89,44.4,337,0
2025-01-11 12:00:00,F4,0.44,43.5,429,0
2025-01-11 13:00:00,F3,1.99,55.8,275,0
2025-01-11 14:00:00,F1,0.69,47.7,60,0
2025-01-11 15:00:00,F3,2.97,51.7,59,0
2025-01-11 16:00:00,F1,3.53,49.8,320,1
2025-01-11 17:00:00,F5,6.01,52.4,322,1
2025-01-11 18:00:00,F2,3.99,50.4,473,1
2025-01-11 19:00:00,F2,3.17,43.6,451,0
2025-01-11 20:00:00,F2,4.74,55.0,232,0
2025-01-11 21:00:00,F3,0.18,47.5,202,0
2025-01-11 22:00:00,F5,3.85,42.2,364,0
2025-01-11 23:00:00,F1,4.66,47.9,383,0
2025-01-12 00:00:00,F4,1.28,57.5,173,0
2025-01-12 01:00:00,F1,5.22,54.3,163,1
2025-01-12 02:00:00,F4,4.01,48.3,327,0
2025-01-12 03:00:00,F1,2.88,48.3,463,1
2025-01-12 04:00:00,F5,4.45,48.4,262,0
2025-01-12 05:00:00,F4,6.91,60.4,221,1
2025-01-12 06:00:00,F3,3.77,51.9,337,0
2025-01-12 07:00:00,F1,3.87,52.2,484,1
2025-01-12 08:00:00,F1,2.81,55.2,223,0
2025-01-12 09:00:00,F4,2.23,51.2,162,0
2025-01-12 10:00:00,F3,4.75,48.7,425,1
2025-01-12 11:00:00,F3,2.22,49.0,454,0
2025-01-12 12:00:00,F5,3.61,49.6,171,1
2025-01-12 13:00:00,F3,2.78,49.8,81,0
2025-01-12 14:00:00,F3,4.22,53.6,271,0
2025-01-12 15:00:00,F3,4.0,50.3,168,1
2025-01-12 16:00:00,F2,5.06,53.7,88,1
2025-01-12 17:00:00,F5,2.73,49.6,317,0
2025-01-12 18:00:00,F1,3.1,50.4,282,1
2025-01-12 19:00:00,F4,2.03,40.0,480,0
2025-01-12 20:00:00,F1,2.83,54.6,67,0
2025-01-12 21:00:00,F5,4.07,51.7,198,1
2025-01-12 22:00:00,F4,4.64,55.0,446,1
2025-01-12 23:00:00,F5,2.12,35.5,198,0
2025-01-13 00:00:00,F3,4.8,60.4,175,0
2025-01-13 01:00:00,F4,5.53,49.3,441,1
2025-01-13 02:00:00,F3,4.12,55.5,351,0
2025-01-13 03:00:00,F1,6.32,44.8,409,1
2025-01-13 04:00:00,F1,2.34,53.1,287,0
2025-01-13 05:00:00,F4,1.63,44.7,184,0
2025-01-13 06:00:00,F4,0.83,46.9,200,0
2025-01-13 07:00:00,F5,5.74,59.6,285,1
2025-01-13 08:00:00,F5,4.48,49.0,273,0
2025-01-13 09:00:00,F3,3.42,51.1,252,0
2025-01-13 10:00:00,F4,3.92,54.4,305,1
2025-01-13 11:00:00,F1,1.81,52.5,135,0
2025-01-13 12:00:00,F5,7.17,50.8,199,1
2025-01-13 13:00:00,F5,3.69,51.8,284,0
2025-01-13 14:00:00,F1,3.66,62.0,394,1
2025-01-13 15:00:00,F5,4.59,49.7,71,0
2025-01-13 16:00:00,F3,4.22,51.0,397,1
2025-01-13 17:00:00,F4,3.84,55.3,334,1
2025-01-13 18:00:00,F1,2.31,55.5,318,0
2025-01-13 19:00:00,F4,4.21,55.9,307,0
2025-01-13 20:00:00,F5,6.32,53.2,78,1
2025-01-13 21:00:00,F5,5.52,44.3,262,1
2025-01-13 22:00:00,F1,5.89,58.2,485,1
2025-01-13 23:00:00,F3,2.73,44.3,332,0
2025-01-14 00:00:00,F2,2.02,51.5,99,0
2025-01-14 01:00:00,F1,3.31,46.2,144,0
2025-01-14 02:00:00,F2,3.58,49.7,456,0
2025-01-14 03:00:00,F2,5.14,51.6,137,1
2025-01-14 04:00:00,F3,0.96,51.6,93,0
2025-01-14 05:00:00,F2,5.79,52.1,327,1
2025-01-14 06:00:00,F2,3.26,58.1,220,0
2025-01-14 07:00:00,F3,2.86,52.3,470,0
2025-01-14 08:00:00,F2,1.98,48.8,238,0
2025-01-14 09:00:00,F2,1.02,54.8,402,0
2025-01-14 10:00:00,F2,4.73,55.9,233,1
2025-01-14 11:00:00,F1,3.61,43.9,52,0
2025-01-14 12:00:00,F1,1.57,53.0,240,0
2025-01-14 13:00:00,F1,1.56,53.5,167,0
2025-01-14 14:00:00,F3,3.0,48.5,68,0
2025-01-14 15:00:00,F5,6.0,56.9,72,1
2025-01-14 16:00:00,F2,3.11,49.2,462,0
2025-01-14 17:00:00,F2,1.25,50.6,79,0
2025-01-14 18:00:00,F3,3.13,49.1,344,0
2025-01-14 19:00:00,F2,3.09,50.1,157,1
2025-01-14 20:00:00,F1,-0.55,44.5,416,0
2025-01-14 21:00:00,F5,3.42,42.8,330,1
2025-01-14 22:00:00,F4,3.15,58.0,177,1
2025-01-14 23:00:00,F2,4.54,45.8,278,1
2025-01-15 00:00:00,F1,6.27,45.0,160,1
2025-01-15 01:00:00,F4,5.19,39.2,185,1
2025-01-15 02:00:00,F5,3.1,46.8,411,0
2025-01-15 03:00:00,F4,1.84,43.4,235,0
2025-01-15 04:00:00,F1,7.36,58.2,193,1
2025-01-15 05:00:00,F4,3.59,55.0,121,1
2025-01-15 06:00:00,F3,3.52,46.6,178,1
2025-01-15 07:00:00,F4,3.46,61.3,413,0
2025-01-15 08:00:00,F2,3.8,54.9,310,0
2025-01-15 09:00:00,F2,3.28,48.4,52,0
2025-01-15 10:00:00,F3,2.64,37.5,498,0
2025-01-15 11:00:00,F1,2.68,61.5,437,0
2025-01-15 12:00:00,F2,3.45,43.1,153,0
2025-01-15 13:00:00,F5,2.68,41.8,273,1
2025-01-15 14:00:00,F2,2.43,55.1,369,1
2025-01-15 15:00:00,F2,3.66,62.2,411,0
2025-01-15 16:00:00,F1,3.12,56.9,403,0
2025-01-15 17:00:00,F4,5.76,52.8,59,1
2025-01-15 18:00:00,F2,-0.48,53.0,454,0
2025-01-15 19:00:00,F3,5.14,54.3,433,1
2025-01-15 20:00:00,F4,5.37,53.8,351,0
2025-01-15 21:00:00,F5,0.39,51.4,280,0
2025-01-15 22:00:00,F1,2.99,50.5,268,0
2025-01-15 23:00:00,F5,2.94,49.7,460,1
2025-01-16 00:00:00,F4,1.39,46.2,115,0
2025-01-16 01:00:00,F4,2.33,48.6,474,0
2025-01-16 02:00:00,F4,1.83,41.5,161,0
2025-01-16 03:00:00,F5,6.13,49.5,62,1
2025-01-16 04:00:00,F4,4.9,45.1,442,0
2025-01-16 05:00:00,F5,5.41,44.5,469,1
2025-01-16 06:00:00,F4,4.58,50.9,135,1
2025-01-16 07:00:00,F3,1.81,57.0,283,0
2025-01-16 08:00:00,F4,2.71,54.6,139,0
2025-01-16 09:00:00,F5,4.23,42.1,363,1
2025-01-16 10:00:00,F2,1.67,45.1,103,0
2025-01-16 11:00:00,F4,4.57,54.7,61,0
2025-01-16 12:00:00,F2,3.14,45.1,258,0
2025-01-16 13:00:00,F3,2.94,48.9,63,0
2025-01-16 14:00:00,F1,4.57,52.8,170,1
2025-01-16 15:00:00,F3,4.17,45.2,467,0
2025-01-16 16:00:00,F4,2.96,50.5,486,0
2025-01-16 17:00:00,F2,5.24,43.3,426,1
2025-01-16 18:00:00,F2,1.88,47.0,69,0
2025-01-16 19:00:00,F5,4.42,51.6,124,0
2025-01-16 20:00:00,F2,4.39,42.0,449,0
2025-01-16 21:00:00,F5,3.04,52.2,292,1
2025-01-16 22:00:00,F1,3.99,49.9,272,1
2025-01-16 23:00:00,F4,1.62,52.8,119,0
2025-01-17 00:00:00,F5,4.89,51.1,361,1
2025-01-17 01:00:00,F1,3.22,56.8,260,1
2025-01-17 02:00:00,F2,2.72,50.6,150,0
2025-01-17 03:00:00,F2,5.07,47.9,235,1
2025-01-17 04:00:00,F1,2.44,50.6,181,0
2025-01-17 05:00:00,F2,1.39,52.7,160,0
2025-01-17 06:00:00,F1,1.17,50.2,430,0
2025-01-17 07:00:00,F5,4.41,50.2,181,1
2025-01-17 08:00:00,F5,1.58,46.5,69,0
2025-01-17 09:00:00,F1,6.13,46.7,443,1
2025-01-17 10:00:00,F5,0.38,43.0,73,0
2025-01-17 11:00:00,F5,6.04,58.7,276,1
2025-01-17 12:00:00,F5,3.82,43.8,203,1
2025-01-17 13:00:00,F3,3.35,46.5,342,0
2025-01-17 14:00:00,F4,2.68,46.4,279,0
2025-01-17 15:00:00,F2,4.1,54.5,359,1
2025-01-17 16:00:00,F3,3.44,48.5,408,1
2025-01-17 17:00:00,F5,5.15,56.2,454,1
2025-01-17 18:00:00,F1,3.67,46.6,251,0
2025-01-17 19:00:00,F5,3.73,51.4,87,0
2025-01-17 20:00:00,F4,2.95,45.8,479,0
2025-01-17 21:00:00,F5,3.41,60.7,309,1
2025-01-17 22:00:00,F1,3.96,44.1,237,1
2025-01-17 23:00:00,F4,0.93,51.5,106,0
2025-01-18 00:00:00,F5,1.48,53.2,478,0
2025-01-18 01:00:00,F4,4.61,52.1,69,1
2025-01-18 02:00:00,F2,3.76,49.1,322,0
2025-01-18 03:00:00,F2,3.22,49.4,168,0
2025-01-18 04:00:00,F5,3.53,50.2,120,0
2025-01-18 05:00:00,F4,4.02,49.3,53,1
2025-01-18 06:00:00,F1,2.69,54.8,270,0
2025-01-18 07:00:00,F5,2.33,61.1,63,0
2025-01-18 08:00:00,F2,3.79,47.2,52,1
2025-01-18 09:00:00,F2,2.03,43.2,265,0
2025-01-18 10:00:00,F5,4.11,49.6,278,0
2025-01-18 11:00:00,F4,0.95,62.9,385,1
2025-01-18 12:00:00,F2,5.04,46.0,235,1
2025-01-18 13:00:00,F4,4.21,58.2,104,1
2025-01-18 14:00:00,F2,3.88,58.4,437,1
2025-01-18 15:00:00,F2,4.97,47.2,425,1
2025-01-18 16:00:00,F3,6.0,52.8,303,1
2025-01-18 17:00:00,F2,5.02,58.1,73,1
2025-01-18 18:00:00,F1,0.74,48.1,211,0
2025-01-18 19:00:00,F5,1.58,49.0,207,0
2025-01-18 20:00:00,F5,2.56,47.1,131,1
2025-01-18 21:00:00,F4,3.54,44.9,452,0
2025-01-18 22:00:00,F2,4.28,46.8,208,1
2025-01-18 23:00:00,F1,2.41,43.9,237,0
2025-01-19 00:00:00,F4,3.78,50.2,109,1
2025-01-19 01:00:00,F3,2.37,46.2,452,0
2025-01-19 02:00:00,F4,2.58,51.2,354,0
2025-01-19 03:00:00,F4,1.39,42.2,368,0
2025-01-19 04:00:00,F2,2.12,51.7,415,0
2025-01-19 05:00:00,F3,1.47,54.2,260,1
2025-01-19 06:00:00,F4,2.04,40.0,455,0
2025-01-19 07:00:00,F1,5.08,51.9,201,1
2025-01-19 08:00:00,F1,2.08,56.1,158,0
2025-01-19 09:00:00,F5,7.45,44.0,125,1
2025-01-19 10:00:00,F3,4.24,58.4,79,0
2025-01-19 11:00:00,F3,3.78,52.1,363,0
2025-01-19 12:00:00,F5,2.21,46.5,166,0
2025-01-19 13:00:00,F4,4.55,49.7,464,1
2025-01-19 14:00:00,F3,2.64,52.8,405,0
2025-01-19 15:00:00,F1,3.68,50.4,241,0
2025-01-19 16:00:00,F1,7.34,52.7,68,1
2025-01-19 17:00:00,F2,3.36,45.4,481,1
2025-01-19 18:00:00,F3,5.22,50.8,222,1
2025-01-19 19:00:00,F4,2.45,42.9,277,0
2025-01-19 20:00:00,F5,3.45,49.4,399,0
2025-01-19 21:00:00,F5,6.16,45.5,232,1
2025-01-19 22:00:00,F4,2.56,46.3,162,1
2025-01-19 23:00:00,F2,6.22,56.2,232,1
2025-01-20 00:00:00,F5,4.56,55.5,195,1
2025-01-20 01:00:00,F3,2.66,53.0,368,0
2025-01-20 02:00:00,F2,4.45,44.5,165,0
2025-01-20 03:00:00,F3,4.96,48.4,162,1
2025-01-20 04:00:00,F1,4.43,56.1,300,0
2025-01-20 05:00:00,F2,1.14,50.7,300,0
2025-01-20 06:00:00,F5,2.41,61.6,352,1
2025-01-20 07:00:00,F2,3.13,52.0,362,0
2025-01-20 08:00:00,F2,3.39,51.0,167,0
2025-01-20 09:00:00,F2,4.43,48.5,350,1
2025-01-20 10:00:00,F2,3.77,50.7,210,0
2025-01-20 11:00:00,F3,1.5,49.2,450,0
2025-01-20 12:00:00,F1,4.07,53.5,247,1
2025-01-20 13:00:00,F4,4.42,54.8,309,0
2025-01-20 14:00:00,F2,4.34,46.1,197,1
2025-01-20 15:00:00,F5,5.12,43.3,289,1
2025-01-20 16:00:00,F2,4.75,40.8,96,0
2025-01-20 17:00:00,F5,4.19,52.5,448,0
2025-01-20 18:00:00,F3,3.39,44.5,247,0
2025-01-20 19:00:00,F5,1.01,39.2,96,0
2025-01-20 20:00:00,F4,4.14,51.9,127,1
2025-01-20 21:00:00,F1,3.81,62.5,173,1
2025-01-20 22:00:00,F5,3.91,50.0,124,1
2025-01-20 23:00:00,F5,1.58,54.2,408,1
2025-01-21 00:00:00,F1,1.88,50.4,186,0
2025-01-21 01:00:00,F4,5.08,49.5,139,0
2025-01-21 02:00:00,F2,3.44,54.6,449,0
2025-01-21 03:00:00,F5,4.52,48.5,374,0
2025-01-21 04:00:00,F1,3.54,51.3,110,1
2025-01-21 05:00:00,F3,3.54,51.6,187,0
2025-01-21 06:00:00,F1,4.91,46.7,99,1
2025-01-21 07:00:00,F3,2.73,55.0,308,1
2025-01-21 08:00:00,F4,3.64,49.1,156,0
2025-01-21 09:00:00,F2,2.81,46.2,162,0
2025-01-21 10:00:00,F1,2.85,52.7,399,0
2025-01-21 11:00:00,F5,3.04,45.5,303,1
2025-01-21 12:00:00,F4,3.83,50.1,167,1
2025-01-21 13:00:00,F1,2.78,50.0,247,1
2025-01-21 14:00:00,F5,5.38,55.4,386,1
2025-01-21 15:00:00,F1,2.16,52.4,414,0
2025-01-21 16:00:00,F3,3.22,49.9,100,0
2025-01-21 17:00:00,F1,2.84,54.1,294,0
2025-01-21 18:00:00,F1,5.67,57.0,452,1
2025-01-21 19:00:00,F1,3.79,52.8,475,1
